{
 "vinf_incr": 0.004166666666666667,
 "vrna_incr": 0.008333333333333333,
 "vprot_incr": 0.0027833333333333334,
 "pirf3_incr": 0.0,
 "pirf3_decr": 0.0020833333333333333,
 "ifni_incr": 0.0125,
 "ifni_decr": 0.004166666666666667,
 "mm_pstat": 500.0,
 "pstat_incr": 0.6666666666666666,
 "pstat_decr": 0.16666666666666666,
 "isg_incr": 0.0016666666666666668,
 "isg_decr": 0.00055,
 "q_ifne": 0.0006944444444444445,
 "k_ifn_sec": 8333.333333333334,
 "vprot_inh_ifni": 2.0,
 "vprot_inh_pirf3": 2.0,
 "vprot_inh_pstat": 1.5,
 "isg_inh_vrna": 2.0,
 "isg_inh_vprot": 2.0,
 "vinf_decr": 0.0,
 "vrna_decr": 0.0,
 "vprot_decr": 0.0,
 "die": 0.0,
 "k_isg0": 0.0,
 "isg_pro_pirf3": 0.0
}
